{
    "rotation": [
        349.9249,
        350.8755,
        0.3275329
    ],
    "position": [
        0.5345833,
        0.3974865,
        -1.586121
    ]
}